Mol,Label,Element,X,Y,Z
CHL,1 601,MG,-67.107,113.647,-24.744
CHL,1 601,NA,-68.491,112.606,-25.742
CHL,1 601,NB,-67.88,115.403,-25.443
CHL,1 601,NC,-65.547,114.641,-23.864
CHL,1 601,ND,-66.043,111.964,-24.391
CHL,1 602,MG,-66.334,101.46,-21.032
CHL,1 602,NA,-67.295,101.111,-19.204
CHL,1 602,NB,-66.819,99.597,-21.607
CHL,1 602,NC,-65.968,102.004,-23.013
CHL,1 602,ND,-66.459,103.444,-20.728
CHL,1 603,MG,-67.394,91.431,-26.874
CHL,1 603,NA,-69.06,91.917,-25.712
CHL,1 603,NB,-67.796,92.972,-28.115
CHL,1 603,NC,-66.086,90.665,-28.292
CHL,1 603,ND,-67.331,89.611,-26.026
CHL,1 604,MG,-50.761,89.17,-36.341
CHL,1 604,NA,-51.365,87.37,-37.218
CHL,1 604,NB,-52.053,88.848,-34.84
CHL,1 604,NC,-49.749,90.565,-35.167
CHL,1 604,ND,-49.06,89.134,-37.413
CHL,1 605,MG,-45.145,74.666,-39.412
CHL,1 605,NA,-43.173,74.633,-39.747
CHL,1 605,NB,-45.457,73.367,-40.957
CHL,1 605,NC,-47.123,74.547,-38.84
CHL,1 605,ND,-44.909,75.667,-37.666
CHL,1 606,MG,-53.832,82.085,-34.148
CHL,1 606,NA,-52.818,81.533,-32.516
CHL,1 606,NB,-55.215,83.108,-33.066
CHL,1 606,NC,-54.74,82.659,-35.905
CHL,1 606,ND,-52.521,81.133,-35.361
CHL,1 607,MG,-61.6,84.887,-38.596
CHL,1 607,NA,-62.544,86.121,-39.842
CHL,1 607,NB,-61.927,86.125,-37.002
CHL,1 607,NC,-60.62,83.525,-37.417
CHL,1 607,ND,-61.176,83.571,-40.087
CHL,1 608,MG,-52.241,85.061,-19.088
CHL,1 608,NA,-52.222,85.863,-20.919
CHL,1 608,NB,-51.035,83.522,-19.663
CHL,1 608,NC,-52.311,84.363,-17.153
CHL,1 608,ND,-53.292,86.621,-18.333
CHL,1 609,MG,-61.924,84.143,-23.405
CHL,1 609,NA,-63.041,84.123,-21.752
CHL,1 609,NB,-61.805,82.115,-23.406
CHL,1 609,NC,-61.098,84.23,-25.287
CHL,1 609,ND,-62.204,86.133,-23.655
CHL,1 610,MG,-51.642,96.311,-19.54
CHL,1 610,NA,-50.749,97.228,-17.89
CHL,1 610,NB,-51.16,97.959,-20.591
CHL,1 610,NC,-51.81,95.224,-21.31
CHL,1 610,ND,-51.398,94.509,-18.663
CHL,1 611,MG,-55.625,112.93,-24.25
CHL,1 611,NA,-54.221,113.329,-22.755
CHL,1 611,NB,-55.771,114.901,-24.631
CHL,1 611,NC,-56.554,112.5,-26.075
CHL,1 611,ND,-55.038,111.006,-24.313
CHL,1 612,MG,-50.862,105.217,-27.049
CHL,1 612,NA,-49.506,104.824,-25.493
CHL,1 612,NB,-50.342,103.504,-27.976
CHL,1 612,NC,-51.716,105.887,-28.834
CHL,1 612,ND,-50.876,107.157,-26.513
CHL,1 613,MG,-63.894,105.062,-40.099
CHL,1 613,NA,-62.885,106.233,-41.508
CHL,1 613,NB,-62.699,105.821,-38.664
CHL,1 613,NC,-65.273,104.493,-38.628
CHL,1 613,ND,-65.464,104.904,-41.341
CHL,1 614,MG,-59.89,113.684,-42.055
CHL,1 614,NA,-61.415,115.05,-42.505
CHL,1 614,NB,-58.533,115.026,-42.703
CHL,1 614,NC,-58.383,112.655,-41.035
CHL,1 614,ND,-61.136,112.702,-40.808
CHL,2 601,MG,-101.109,93.7,-23.693
CHL,2 601,NA,-99.618,92.78,-24.657
CHL,2 601,NB,-102.296,92.048,-23.839
CHL,2 601,NC,-102.642,94.799,-22.9
CHL,2 601,ND,-100.131,95.473,-23.848
CHL,2 602,MG,-90.768,100.747,-22.267
CHL,2 602,NA,-89.92,100.481,-20.373
CHL,2 602,NB,-88.927,101.052,-23.013
CHL,2 602,NC,-91.492,100.37,-24.192
CHL,2 602,ND,-92.43,99.784,-21.666
CHL,2 603,MG,-81.684,103.288,-29.074
CHL,2 603,NA,-81.183,101.882,-27.603
CHL,2 603,NB,-82.806,101.896,-30.009
CHL,2 603,NC,-81.737,104.466,-30.789
CHL,2 603,ND,-80.135,104.434,-28.506
CHL,2 604,MG,-88.378,116.479,-41.444
CHL,2 604,NA,-86.646,116.524,-42.618
CHL,2 604,NB,-87.31,115.79,-39.883
CHL,2 604,NC,-89.95,116.973,-40.159
CHL,2 604,ND,-89.303,117.702,-42.753
CHL,2 605,MG,-78.597,127.587,-47.405
CHL,2 605,NA,-79.584,129.176,-48.097
CHL,2 605,NB,-77.257,127.683,-48.939
CHL,2 605,NC,-77.557,126.049,-46.52
CHL,2 605,ND,-79.621,127.657,-45.651
CHL,2 606,MG,-80.299,117.873,-39.769
CHL,2 606,NA,-80.317,119.408,-38.481
CHL,2 606,NB,-80.462,116.523,-38.255
CHL,2 606,NC,-80.492,116.39,-41.185
CHL,2 606,ND,-80.32,119.115,-41.367
CHL,2 607,MG,-79.369,108.618,-42.686
CHL,2 607,NA,-79.942,106.906,-43.539
CHL,2 607,NB,-80.209,108.102,-40.901
CHL,2 607,NC,-78.602,110.346,-41.869
CHL,2 607,ND,-78.499,109.271,-44.395
CHL,2 608,MG,-83.324,121.098,-24.687
CHL,2 608,NA,-84.138,120.494,-26.413
CHL,2 608,NB,-82.487,122.734,-25.568
CHL,2 608,NC,-82.498,121.586,-22.857
CHL,2 608,ND,-84.089,119.515,-23.678
CHL,2 609,MG,-77.792,112.177,-27.765
CHL,2 609,NA,-77.196,111.538,-25.971
CHL,2 609,NB,-76.078,113.238,-28.031
CHL,2 609,NC,-78.308,112.458,-29.739
CHL,2 609,ND,-79.412,110.968,-27.724
CHL,2 610,MG,-93.47,116.215,-23.86
CHL,2 610,NA,-94.629,116.969,-22.29
CHL,2 610,NB,-95.18,115.594,-24.729
CHL,2 610,NC,-92.497,116.119,-25.703
CHL,2 610,ND,-91.975,117.471,-23.341
CHL,2 611,MG,-106.029,103.518,-25.716
CHL,2 611,NA,-107.09,104.828,-24.484
CHL,2 611,NB,-107.64,102.306,-25.793
CHL,2 611,NC,-105.19,102.524,-27.354
CHL,2 611,ND,-104.689,104.959,-26.145
CHL,2 612,MG,-102.133,110.445,-29.939
CHL,2 612,NA,-102.209,112.273,-28.913
CHL,2 612,NB,-100.989,111.276,-31.385
CHL,2 612,NC,-102.578,108.855,-31.225
CHL,2 612,ND,-103.745,109.816,-28.9
CHL,2 613,MG,-96.25,97.06,-40.803
CHL,2 613,NA,-97.803,97.106,-42.207
CHL,2 613,NB,-97.427,98.098,-39.527
CHL,2 613,NC,-95.044,96.472,-39.203
CHL,2 613,ND,-95.426,95.507,-41.771
CHL,2 614,MG,-105.961,96.048,-42.643
CHL,2 614,NA,-106.254,93.97,-42.646
CHL,2 614,NB,-107.832,96.279,-43.371
CHL,2 614,NC,-105.963,98.045,-42.03
CHL,2 614,ND,-104.457,95.832,-41.315
CHL,3 601,MG,-66.785,74.602,-19.538
CHL,3 601,NA,-66.64,76.128,-20.819
CHL,3 601,NB,-64.768,74.301,-19.569
CHL,3 601,NC,-67.064,72.919,-18.399
CHL,3 601,ND,-68.803,74.602,-19.75
CHL,3 602,MG,-78.21,80.191,-19.019
CHL,3 602,NA,-78.382,81.472,-17.373
CHL,3 602,NB,-79.491,81.388,-20.013
CHL,3 602,NC,-77.536,79.388,-20.822
CHL,3 602,ND,-76.461,79.49,-18.301
CHL,3 603,MG,-85.108,85.134,-27.123
CHL,3 603,NA,-84.048,86.499,-25.944
CHL,3 603,NB,-83.389,84.57,-28.016
CHL,3 603,NC,-86.167,84.235,-28.677
CHL,3 603,ND,-86.823,86.1,-26.732
CHL,3 604,MG,-93.275,70.63,-36.267
CHL,3 604,NA,-94.341,71.789,-37.644
CHL,3 604,NB,-93.394,72.134,-34.934
CHL,3 604,NC,-92.804,69.308,-34.721
CHL,3 604,ND,-93.724,68.966,-37.315
CHL,3 605,MG,-108.15,71.768,-42.246
CHL,3 605,NA,-109.085,70.023,-42.516
CHL,3 605,NB,-108.934,72.511,-43.979
CHL,3 605,NC,-107.316,73.596,-41.802
CHL,3 605,ND,-107.719,71.297,-40.321
CHL,3 606,MG,-98.88,76.814,-35.703
CHL,3 606,NA,-100.138,76.38,-34.206
CHL,3 606,NB,-97.52,77.614,-34.421
CHL,3 606,NC,-97.635,77.126,-37.314
CHL,3 606,ND,-100.055,75.876,-37.055
CHL,3 607,MG,-91.356,81.632,-39.96
CHL,3 607,NA,-89.666,81.762,-40.989
CHL,3 607,NB,-90.327,81.643,-38.207
CHL,3 607,NC,-93.139,81.808,-38.976
CHL,3 607,ND,-92.495,81.695,-41.626
CHL,3 608,MG,-99.437,76.489,-20.039
CHL,3 608,NA,-98.653,75.639,-21.672
CHL,3 608,NB,-101.328,76.085,-20.672
CHL,3 608,NC,-100.128,77.237,-18.243
CHL,3 608,ND,-97.608,76.727,-19.203
CHL,3 609,MG,-94.495,84.543,-25.221
CHL,3 609,NA,-94.181,85.742,-23.662
CHL,3 609,NB,-96.26,85.46,-25.63
CHL,3 609,NC,-94.601,83.474,-26.98
CHL,3 609,ND,-92.664,83.708,-25.036
CHL,3 610,MG,-90.189,69.979,-18.349
CHL,3 610,NA,-90.139,68.913,-16.55
CHL,3 610,NB,-88.774,68.72,-19.036
CHL,3 610,NC,-90.696,70.5,-20.304
CHL,3 610,ND,-92.032,70.667,-17.892
CHL,3 611,MG,-73.218,65.524,-20.07
CHL,3 611,NA,-73.686,64.245,-18.488
CHL,3 611,NB,-71.422,64.639,-20.249
CHL,3 611,NC,-72.982,66.35,-21.982
CHL,3 611,ND,-75.159,65.963,-20.341
CHL,3 612,MG,-81.694,64.434,-23.747
CHL,3 612,NA,-83.137,63.553,-22.507
CHL,3 612,NB,-83.043,64.471,-25.245
CHL,3 612,NC,-80.177,64.622,-25.168
CHL,3 612,ND,-80.243,63.748,-22.534
CHL,3 613,MG,-73.031,73.635,-36.681
CHL,3 613,NA,-72.306,71.971,-37.714
CHL,3 613,NB,-73.265,72.452,-35.056
CHL,3 613,NC,-73.07,75.322,-35.443
CHL,3 613,ND,-72.136,74.872,-37.989
CHL,3 614,MG,-67.269,66.17,-36.867
CHL,3 614,NA,-65.273,66.787,-36.941
CHL,3 614,NB,-66.679,64.277,-37.226
CHL,3 614,NC,-69.101,65.472,-36.148
CHL,3 614,ND,-67.742,67.854,-35.857
CHL,4 601,MG,-103.222,22.726,-19.101
CHL,4 601,NA,-101.964,21.594,-20.152
CHL,4 601,NB,-104.679,21.319,-19.34
CHL,4 601,NC,-104.583,24.1,-18.42
CHL,4 601,ND,-101.909,24.265,-19.047
CHL,4 602,MG,-90.484,27.862,-18.274
CHL,4 602,NA,-89.475,27.26,-16.541
CHL,4 602,NB,-88.724,27.913,-19.251
CHL,4 602,NC,-91.495,27.777,-20.102
CHL,4 602,ND,-92.197,27.115,-17.514
CHL,4 603,MG,-81.784,29.564,-25.914
CHL,4 603,NA,-81.324,28.208,-24.393
CHL,4 603,NB,-83.274,28.364,-26.539
CHL,4 603,NC,-81.905,30.651,-27.688
CHL,4 603,ND,-80.005,30.469,-25.687
CHL,4 604,MG,-86.531,45.163,-35.985
CHL,4 604,NA,-84.931,44.938,-37.311
CHL,4 604,NB,-85.483,44.153,-34.593
CHL,4 604,NC,-87.785,45.93,-34.507
CHL,4 604,ND,-87.243,46.695,-37.089
CHL,4 606,MG,-78.566,45.266,-34.485
CHL,4 606,NA,-78.017,46.411,-32.949
CHL,4 606,NB,-78.889,43.655,-33.282
CHL,4 606,NC,-79.048,44.171,-36.152
CHL,4 606,ND,-78.416,46.832,-35.766
CHL,4 607,MG,-79.416,36.406,-39.131
CHL,4 607,NA,-80.457,35.111,-40.231
CHL,4 607,NB,-80.317,35.786,-37.414
CHL,4 607,NC,-78.168,37.643,-38.071
CHL,4 607,ND,-78.461,37.14,-40.758
CHL,4 608,MG,-79.561,45.699,-18.827
CHL,4 608,NA,-80.525,45.732,-20.572
CHL,4 608,NB,-78.358,47.252,-19.371
CHL,4 608,NC,-78.612,45.525,-17.013
CHL,4 608,ND,-80.72,44.188,-18.125
CHL,4 609,MG,-76.047,36.811,-23.507
CHL,4 609,NA,-75.474,35.824,-21.875
CHL,4 609,NB,-74.133,37.434,-23.805
CHL,4 609,NC,-76.592,37.439,-25.386
CHL,4 609,ND,-77.87,35.931,-23.496
CHL,4 610,MG,-90.823,43.465,-18.444
CHL,4 610,NA,-91.619,44.216,-16.662
CHL,4 610,NB,-92.695,43.4,-19.179
CHL,4 610,NC,-90.042,43.411,-20.381
CHL,4 610,ND,-89.011,44.194,-17.946
CHL,4 611,MG,-105.762,34.237,-19.37
CHL,4 611,NA,-106.183,35.577,-17.815
CHL,4 611,NB,-107.615,33.461,-19.168
CHL,4 611,NC,-105.593,33.352,-21.258
CHL,4 611,ND,-104.233,35.394,-19.982
CHL,4 612,MG,-101.23,41.699,-23.118
CHL,4 612,NA,-100.943,43.342,-21.849
CHL,4 612,NB,-100.125,42.601,-24.543
CHL,4 612,NC,-102.004,40.404,-24.565
CHL,4 612,ND,-102.811,41.125,-22.009
CLA,A 405,MG,-31.064,-22.158,-40.997
CLA,A 405,NA,-30.359,-22.819,-39.162
CLA,A 405,NB,-31.629,-20.427,-40.136
CLA,A 405,NC,-31.259,-21.365,-42.904
CLA,A 405,ND,-30.062,-23.613,-41.96
CLA,A 406,MG,-21.083,-21.656,-38.87
CLA,A 406,NA,-19.834,-20.297,-37.927
CLA,A 406,NB,-20.134,-23.139,-37.901
CLA,A 406,NC,-22.612,-22.946,-39.411
CLA,A 406,ND,-22.359,-20.192,-39.42
CLA,A 407,MG,-40.144,-15.057,-37.606
CLA,A 407,NA,-41.234,-16.471,-36.542
CLA,A 407,NB,-41.058,-13.608,-36.546
CLA,A 407,NC,-38.684,-13.727,-38.239
CLA,A 407,ND,-38.843,-16.468,-38.225
CLA,A 410,MG,-6.253,-40.773,-37.898
CLA,A 410,NA,-7.753,-41.833,-38.874
CLA,A 410,NB,-7.009,-41.334,-36.126
CLA,A 410,NC,-4.527,-40.059,-36.984
CLA,A 410,ND,-5.246,-40.558,-39.619
CLA,B 602,MG,-48.221,29.195,-40.426
CLA,B 602,NA,-48.111,31.27,-40.235
CLA,B 602,NB,-47.058,28.958,-38.801
CLA,B 602,NC,-48.633,27.155,-40.485
CLA,B 602,ND,-49.655,29.351,-41.834
CLA,B 603,MG,-39.923,24.005,-38.379
CLA,B 603,NA,-39.641,23.062,-40.211
CLA,B 603,NB,-40.784,25.565,-39.3
CLA,B 603,NC,-40.534,24.686,-36.515
CLA,B 603,ND,-39.502,22.274,-37.421
CLA,B 604,MG,-31.223,24.41,-37.875
CLA,B 604,NA,-31.659,23.19,-39.512
CLA,B 604,NB,-32.771,23.643,-36.877
CLA,B 604,NC,-30.513,25.291,-36.129
CLA,B 604,ND,-29.417,24.816,-38.623
CLA,B 605,MG,-23.133,14.186,-37.655
CLA,B 605,NA,-22.573,15.645,-39.042
CLA,B 605,NB,-21.25,13.528,-37.609
CLA,B 605,NC,-23.671,12.987,-36.017
CLA,B 605,ND,-24.907,15.059,-37.418
CLA,B 606,MG,-18.126,24.428,-37.623
CLA,B 606,NA,-18.818,24.787,-39.554
CLA,B 606,NB,-18.477,26.348,-37.153
CLA,B 606,NC,-17.879,23.931,-35.623
CLA,B 606,ND,-18.206,22.437,-37.892
CLA,B 607,MG,-22.926,32.73,-40.858
CLA,B 607,NA,-21.356,31.707,-41.763
CLA,B 607,NB,-23.323,31.114,-39.72
CLA,B 607,NC,-24.05,33.931,-39.586
CLA,B 607,ND,-22.194,34.478,-41.527
CLA,B 608,MG,-14.986,10.489,-44.235
CLA,B 608,NA,-15.776,9.969,-46.088
CLA,B 608,NB,-16.819,10.421,-43.425
CLA,B 608,NC,-14.149,10.529,-42.336
CLA,B 608,ND,-13.119,10.102,-44.864
CLA,B 609,MG,-37.521,7.854,-24.522
CLA,B 609,NA,-37.598,7.356,-22.503
CLA,B 609,NB,-37.858,5.942,-25.031
CLA,B 609,NC,-37.858,8.447,-26.488
CLA,B 609,ND,-37.64,9.802,-24.039
CLA,B 610,MG,-40.074,23.366,-22.16
CLA,B 610,NA,-39.318,21.852,-20.946
CLA,B 610,NB,-38.746,22.922,-23.591
CLA,B 610,NC,-41.124,24.588,-23.48
CLA,B 610,ND,-41.699,23.532,-20.993
CLA,B 611,MG,-32.718,18.888,-22.227
CLA,B 611,NA,-32.042,19.21,-24.158
CLA,B 611,NB,-34.31,17.881,-22.92
CLA,B 611,NC,-33.426,18.79,-20.28
CLA,B 611,ND,-31.279,20.066,-21.467
CLA,B 612,MG,-22.988,6.334,-22.639
CLA,B 612,NA,-21.806,6.869,-21.009
CLA,B 612,NB,-22.75,8.179,-23.397
CLA,B 612,NC,-23.714,5.68,-24.474
CLA,B 612,ND,-22.79,4.38,-22.193
CLA,B 613,MG,-20.862,14.741,-22.1
CLA,B 613,NA,-21.052,15.354,-24.076
CLA,B 613,NB,-19.14,13.801,-22.482
CLA,B 613,NC,-20.969,13.804,-20.24
CLA,B 613,ND,-22.764,15.27,-21.811
CLA,B 614,MG,-18.176,12.383,-30.493
CLA,B 614,NA,-18.662,11.274,-28.79
CLA,B 614,NB,-20.11,12.648,-30.94
CLA,B 614,NC,-17.627,13.151,-32.351
CLA,B 614,ND,-16.262,11.802,-30.343
CLA,B 615,MG,-10.983,8.996,-21.611
CLA,B 615,NA,-10.598,10.274,-20.017
CLA,B 615,NB,-11.408,10.567,-22.794
CLA,B 615,NC,-10.881,7.738,-23.267
CLA,B 615,ND,-10.107,7.491,-20.604
CLA,B 616,MG,-23.083,27.154,-20.595
CLA,B 616,NA,-22.271,26.913,-22.502
CLA,B 616,NB,-23.314,29.13,-20.922
CLA,B 616,NC,-23.412,27.446,-18.557
CLA,B 616,ND,-22.434,25.318,-20.064
CLA,B 617,MG,-14.406,28.936,-19.803
CLA,B 617,NA,-12.603,29.881,-20.229
CLA,B 617,NB,-14.573,28.34,-21.715
CLA,B 617,NC,-16.355,28.345,-19.39
CLA,B 617,ND,-14.481,29.824,-17.998
CLA,C 501,MG,-32.111,-60.141,-40.349
CLA,C 501,NA,-31.888,-58.96,-42.051
CLA,C 501,NB,-30.461,-59.273,-39.572
CLA,C 501,NC,-32.651,-60.948,-38.507
CLA,C 501,ND,-34.005,-60.595,-40.883
CLA,C 502,MG,-38.654,-49.88,-36.972
CLA,C 502,NA,-39.694,-50.738,-38.544
CLA,C 502,NB,-40.336,-49.015,-36.324
CLA,C 502,NC,-37.637,-49.253,-35.275
CLA,C 502,ND,-37.028,-50.981,-37.368
CLA,C 503,MG,-44.349,-60.031,-36.786
CLA,C 503,NA,-44.195,-60.296,-38.853
CLA,C 503,NB,-44.275,-62.016,-36.512
CLA,C 503,NC,-44.046,-59.703,-34.746
CLA,C 503,ND,-43.956,-58.076,-37.008
CLA,C 504,MG,-47.28,-44.688,-41.494
CLA,C 504,NA,-46.874,-43.889,-43.374
CLA,C 504,NB,-45.317,-44.651,-41.067
CLA,C 504,NC,-47.706,-44.816,-39.465
CLA,C 504,ND,-49.192,-44.091,-41.665
CLA,C 505,MG,-22.052,-45.778,-24.951
CLA,C 505,NA,-21.526,-44.874,-23.158
CLA,C 505,NB,-21.829,-44.058,-25.942
CLA,C 505,NC,-22.345,-46.808,-26.731
CLA,C 505,ND,-21.972,-47.582,-24.105
CLA,C 506,MG,-22.456,-62.271,-24.921
CLA,C 506,NA,-22.085,-61.031,-23.284
CLA,C 506,NB,-24.1,-61.218,-25.376
CLA,C 506,NC,-22.639,-63.387,-26.674
CLA,C 506,ND,-20.687,-63.189,-24.729
CLA,C 507,MG,-28.509,-56.251,-23.202
CLA,C 507,NA,-29.328,-56.203,-25.116
CLA,C 507,NB,-26.847,-55.34,-23.87
CLA,C 507,NC,-27.554,-56.728,-21.416
CLA,C 507,ND,-29.886,-57.582,-22.585
CLA,C 508,MG,-36.146,-43.194,-21.267
CLA,C 508,NA,-37.09,-43.727,-19.492
CLA,C 508,NB,-36.767,-44.923,-22.071
CLA,C 508,NC,-35.653,-42.459,-23.146
CLA,C 508,ND,-35.963,-41.28,-20.676
CLA,C 509,MG,-38.518,-51.662,-21.181
CLA,C 509,NA,-38.743,-51.992,-23.223
CLA,C 509,NB,-40.211,-50.576,-21.156
CLA,C 509,NC,-38.019,-50.985,-19.269
CLA,C 509,ND,-36.636,-52.347,-21.26
CLA,C 510,MG,-43.111,-47.786,-28.322
CLA,C 510,NA,-42.111,-46.885,-26.736
CLA,C 510,NB,-41.373,-48.343,-29.156
CLA,C 510,NC,-44.123,-48.355,-30.043
CLA,C 510,ND,-44.828,-46.912,-27.739
CLA,C 511,MG,-47.088,-46.104,-17.521
CLA,C 511,NA,-47.584,-47.8,-16.407
CLA,C 511,NB,-47.314,-47.131,-19.238
CLA,C 511,NC,-46.998,-44.309,-18.579
CLA,C 511,ND,-47.269,-44.952,-15.876
CLA,C 512,MG,-39.223,-63.456,-22.237
CLA,C 512,NA,-40.076,-63.4,-24.141
CLA,C 512,NB,-39.167,-65.459,-22.279
CLA,C 512,NC,-38.783,-63.484,-20.202
CLA,C 512,ND,-39.676,-61.521,-21.974
CLA,C 513,MG,-47.975,-64.131,-18.109
CLA,C 513,NA,-46.999,-65.048,-16.509
CLA,C 513,NB,-46.206,-63.778,-18.998
CLA,C 513,NC,-48.959,-63.769,-19.911
CLA,C 513,ND,-49.711,-64.987,-17.537
CLA,D 402,MG,-30.333,-14.413,-40.236
CLA,D 402,NA,-30.747,-13.446,-38.453
CLA,D 402,NB,-29.489,-15.957,-39.297
CLA,D 402,NC,-30.125,-15.385,-42.052
CLA,D 402,ND,-31.372,-13.014,-41.242
CLA,D 403,MG,-54.268,3.699,-33.881
CLA,D 403,NA,-52.726,4.672,-34.883
CLA,D 403,NB,-53.379,4.115,-32.125
CLA,D 403,NC,-56.019,3.158,-32.899
CLA,D 403,ND,-55.394,3.725,-35.551
CHL,G 601,MG,24.867,-92.048,-19.149
CHL,G 601,NA,23.198,-91.765,-20.194
CHL,G 601,NB,25.435,-90.093,-19.351
CHL,G 601,NC,26.642,-92.488,-18.226
CHL,G 601,ND,24.544,-94.055,-19.126
CHL,G 602,MG,17.076,-101.62,-17.54
CHL,G 602,NA,16.09,-101.588,-15.7
CHL,G 602,NB,15.529,-102.618,-18.348
CHL,G 602,NC,17.919,-101.297,-19.419
CHL,G 602,ND,18.437,-100.294,-16.889
CHL,G 603,MG,9.934,-107.732,-24.6
CHL,G 603,NA,8.982,-106.504,-23.218
CHL,G 603,NB,10.694,-106.113,-25.535
CHL,G 603,NC,10.59,-108.964,-26.127
CHL,G 603,ND,8.916,-109.331,-23.925
CHL,G 604,MG,21.263,-118.868,-35.102
CHL,G 604,NA,19.669,-119.509,-36.292
CHL,G 604,NB,19.992,-118.365,-33.638
CHL,G 604,NC,22.872,-118.625,-33.795
CHL,G 604,ND,22.58,-119.746,-36.342
CHL,G 605,MG,15.988,-132.831,-40.713
CHL,G 605,NA,17.513,-134.032,-41.196
CHL,G 605,NB,14.962,-133.356,-42.409
CHL,G 605,NC,14.414,-131.688,-40.04
CHL,G 605,ND,16.807,-132.46,-38.886
CHL,G 606,MG,14.354,-122.396,-33.674
CHL,G 606,NA,14.569,-123.682,-32.154
CHL,G 606,NB,13.902,-120.875,-32.402
CHL,G 606,NC,14.096,-121.169,-35.314
CHL,G 606,ND,14.677,-123.856,-35.046
CHL,G 607,MG,10.566,-114.596,-37.548
CHL,G 607,NA,10.65,-112.908,-38.611
CHL,G 607,NB,10.969,-113.588,-35.824
CHL,G 607,NC,10.312,-116.367,-36.526
CHL,G 607,ND,10.117,-115.704,-39.183
CHL,G 608,MG,16.454,-123.342,-18.517
CHL,G 608,NA,17.139,-122.605,-20.249
CHL,G 608,NB,16.366,-125.232,-19.283
CHL,G 608,NC,15.856,-123.999,-16.653
CHL,G 608,ND,16.716,-121.566,-17.573
CHL,G 609,MG,8.999,-116.989,-22.607
CHL,G 609,NA,8.084,-116.558,-20.88
CHL,G 609,NB,7.761,-118.58,-22.932
CHL,G 609,NC,9.811,-117.189,-24.492
CHL,G 609,ND,10.084,-115.279,-22.537
CHL,G 610,MG,24.527,-115.633,-17.294
CHL,G 610,NA,25.635,-115.767,-15.525
CHL,G 610,NB,26.043,-114.573,-18.101
CHL,G 610,NC,23.763,-116.006,-19.202
CHL,G 610,ND,23.368,-117.18,-16.693
CHL,G 611,MG,32.789,-100.19,-19.913
CHL,G 611,NA,33.814,-100.988,-18.277
CHL,G 611,NB,34.056,-98.643,-19.991
CHL,G 611,NC,31.866,-99.593,-21.689
CHL,G 611,ND,31.656,-101.849,-20.071
CHL,G 612,MG,31.343,-108.303,-23.784
CHL,G 612,NA,31.992,-109.791,-22.453
CHL,G 612,NB,30.777,-109.724,-25.103
CHL,G 612,NC,31.303,-106.884,-25.325
CHL,G 612,ND,32.493,-106.954,-22.82
CHL,G 613,MG,22.677,-98.163,-35.52
CHL,G 613,NA,24.274,-97.866,-36.842
CHL,G 613,NB,23.981,-98.745,-34.096
CHL,G 613,NC,21.151,-98.002,-34.109
CHL,G 613,ND,21.426,-97.172,-36.746
CHL,G 614,MG,30.728,-93.992,-36.894
CHL,G 614,NA,30.396,-91.924,-36.962
CHL,G 614,NB,32.554,-93.726,-37.707
CHL,G 614,NC,31.224,-95.948,-36.334
CHL,G 614,ND,29.187,-94.208,-35.606
CHL,N 601,MG,-1.261,-121.467,-20.015
CHL,N 601,NA,-0.158,-120.132,-21.003
CHL,N 601,NB,0.126,-122.94,-20.309
CHL,N 601,NC,-2.549,-122.795,-19.122
CHL,N 601,ND,-2.823,-120.172,-19.931
CHL,N 602,MG,-5.702,-109.998,-17.892
CHL,N 602,NA,-5.19,-109.236,-16.016
CHL,N 602,NB,-5.788,-108.129,-18.616
CHL,N 602,NC,-5.828,-110.806,-19.809
CHL,N 602,ND,-5.231,-111.865,-17.329
CHL,N 603,MG,-7.461,-100.561,-24.643
CHL,N 603,NA,-5.9,-100.388,-23.277
CHL,N 603,NB,-6.436,-101.985,-25.64
CHL,N 603,NC,-8.877,-100.481,-26.156
CHL,N 603,ND,-8.345,-98.921,-23.895
CHL,N 604,MG,-22.901,-104.443,-35.114
CHL,N 604,NA,-22.668,-102.686,-36.221
CHL,N 604,NB,-21.803,-103.662,-33.633
CHL,N 604,NC,-23.516,-105.992,-33.864
CHL,N 604,ND,-24.37,-105.054,-36.337
CHL,N 605,MG,-32.396,-92.846,-39.81
CHL,N 605,NA,-34.188,-93.571,-40.309
CHL,N 605,NB,-32.327,-91.637,-41.458
CHL,N 605,NC,-30.592,-92.112,-39.137
CHL,N 605,ND,-32.468,-93.832,-38.041
CHL,N 606,MG,-22.476,-96.781,-33.562
CHL,N 606,NA,-23.819,-96.442,-32.11
CHL,N 606,NB,-20.992,-97.164,-32.222
CHL,N 606,NC,-21.194,-97.142,-35.146
CHL,N 606,ND,-23.842,-96.409,-35.01
CHL,N 607,MG,-13.931,-97.242,-37.273
CHL,N 607,NA,-12.521,-98.143,-38.364
CHL,N 607,NB,-13.278,-98.126,-35.554
CHL,N 607,NC,-15.351,-96.165,-36.241
CHL,N 607,ND,-14.631,-96.209,-38.867
CHL,N 608,MG,-24.286,-98.643,-18.441
CHL,N 608,NA,-23.998,-99.524,-20.214
CHL,N 608,NB,-25.883,-97.598,-19.162
CHL,N 608,NC,-24.546,-97.888,-16.538
CHL,N 608,ND,-22.876,-99.794,-17.555
CHL,N 609,MG,-15.034,-95.343,-22.509
CHL,N 609,NA,-14.185,-94.849,-20.77
CHL,N 609,NB,-15.775,-93.455,-22.749
CHL,N 609,NC,-15.632,-95.861,-24.409
CHL,N 609,ND,-14.071,-97.129,-22.532
CHL,N 610,MG,-21.627,-109.525,-17.742
CHL,N 610,NA,-22.215,-110.496,-15.992
CHL,N 610,NB,-21.414,-111.324,-18.612
CHL,N 610,NC,-21.495,-108.591,-19.601
CHL,N 610,ND,-22.281,-107.751,-17.046
CHL,N 611,MG,-12.277,-124.305,-20.887
CHL,N 611,NA,-13.466,-124.962,-19.301
CHL,N 611,NB,-11.476,-126.136,-21.106
CHL,N 611,NC,-11.304,-123.638,-22.615
CHL,N 611,ND,-13.211,-122.518,-20.934
CHL,N 612,MG,-18.698,-118.795,-24.414
CHL,N 612,NA,-20.314,-118.635,-23.084
CHL,N 612,NB,-19.592,-117.498,-25.676
CHL,N 612,NC,-17.427,-119.405,-25.962
CHL,N 612,ND,-18.14,-120.515,-23.521
CHL,N 613,MG,-5.523,-115.926,-36.161
CHL,N 613,NA,-6.122,-117.398,-37.519
CHL,N 613,NB,-6.611,-116.839,-34.731
CHL,N 613,NC,-4.584,-114.732,-34.739
CHL,N 613,ND,-4.1,-115.263,-37.418
CHL,N 614,MG,-6.275,-124.947,-37.894
CHL,N 614,NA,-4.386,-125.774,-38.238
CHL,N 614,NB,-7.136,-126.558,-38.749
CHL,N 614,NC,-8.125,-124.311,-37.163
CHL,N 614,ND,-5.485,-123.576,-36.644
CHL,R 601,MG,-62.388,46.48,-17.078
CHL,R 601,NA,-63.362,44.86,-17.967
CHL,R 601,NB,-64.118,47.362,-16.561
CHL,R 601,NC,-61.298,48.067,-16.269
CHL,R 601,ND,-60.607,45.683,-17.587
CHL,R 602,MG,-49.446,45.483,-15.669
CHL,R 602,NA,-48.944,44.612,-13.844
CHL,R 602,NB,-47.822,44.668,-16.524
CHL,R 602,NC,-50.244,45.911,-17.548
CHL,R 602,ND,-51.33,45.804,-15.019
CHL,R 603,MG,-40.651,42.185,-22.698
CHL,R 603,NA,-41.244,40.951,-21.113
CHL,R 603,NB,-42.495,42.073,-23.487
CHL,R 603,NC,-39.962,43.179,-24.386
CHL,R 603,ND,-38.736,42.066,-22.113
CHL,R 604,MG,-37.528,57.601,-33.922
CHL,R 604,NA,-36.136,56.674,-35.168
CHL,R 604,NB,-36.969,56.386,-32.419
CHL,R 604,NC,-38.486,58.864,-32.574
CHL,R 604,ND,-37.702,59.125,-35.225
CHL,R 606,MG,-30.742,53.655,-32.97
CHL,R 606,NA,-29.783,54.735,-31.581
CHL,R 606,NB,-31.71,52.541,-31.551
CHL,R 606,NC,-31.778,52.709,-34.479
CHL,R 606,ND,-30.038,54.842,-34.462
CHL,R 607,MG,-35.662,46.274,-36.404
CHL,R 607,NA,-37.286,45.485,-37.246
CHL,R 607,NB,-36.503,46.181,-34.545
CHL,R 607,NC,-33.877,46.955,-35.64
CHL,R 607,ND,-34.67,46.314,-38.173
CHL,R 608,MG,-30.643,55.846,-17.215
CHL,R 608,NA,-31.616,56.318,-18.912
CHL,R 608,NB,-28.914,56.664,-17.911
CHL,R 608,NC,-29.776,55.403,-15.382
CHL,R 608,ND,-32.32,55.174,-16.315
CHL,R 609,MG,-32.576,46.525,-21.461
CHL,R 609,NA,-32.358,45.46,-19.686
CHL,R 609,NB,-30.674,46.058,-21.963
CHL,R 609,NC,-32.982,47.051,-23.437
CHL,R 609,ND,-34.59,46.473,-21.267
CHL,R 610,MG,-41.569,59.267,-16.149
CHL,R 610,NA,-41.964,60.377,-14.435
CHL,R 610,NB,-43.274,60.025,-16.937
CHL,R 610,NC,-40.888,58.738,-18.039
CHL,R 610,ND,-39.641,59.108,-15.59
CHL,R 611,MG,-58.412,58.122,-17.196
CHL,R 611,NA,-58.222,59.509,-15.645
CHL,R 611,NB,-60.41,58.16,-16.975
CHL,R 611,NC,-58.558,57.061,-18.993
CHL,R 611,ND,-56.488,58.349,-17.714
CHL,R 612,MG,-51.496,62.206,-21.58
CHL,R 612,NA,-50.423,63.491,-20.342
CHL,R 612,NB,-50.047,62.236,-22.979
CHL,R 612,NC,-52.738,61.103,-22.836
CHL,R 612,ND,-53.11,62.32,-20.375
CHL,R 613,MG,-56.009,48.635,-33.06
CHL,R 613,NA,-57.269,49.849,-34.209
CHL,R 613,NB,-56.247,49.898,-31.506
CHL,R 613,NC,-55.288,47.166,-31.759
CHL,R 613,ND,-56.29,47.106,-34.35
CHL,R 614,MG,-63.851,53.444,-33.737
CHL,R 614,NA,-65.397,52.183,-33.814
CHL,R 614,NB,-65.019,54.925,-34.506
CHL,R 614,NC,-62.375,54.779,-33.23
CHL,R 614,ND,-62.734,52.139,-32.654
CHL,R 616,MG,-29.955,38.652,-16.212
CHL,R 616,NA,-31.463,37.246,-15.806
CHL,R 616,NB,-29.086,37.375,-17.502
CHL,R 616,NC,-28.836,40.231,-17.011
CHL,R 616,ND,-31.11,40.126,-15.456
CHL,S 601,MG,-54.551,-75.033,-18.815
CHL,S 601,NA,-56.288,-75.329,-19.758
CHL,S 601,NB,-54.591,-73.055,-19.32
CHL,S 601,NC,-52.617,-74.867,-18.141
CHL,S 601,ND,-54.209,-77.03,-18.71
CHL,S 602,MG,-58.191,-87.367,-17.036
CHL,S 602,NA,-59.005,-87.759,-15.15
CHL,S 602,NB,-59.257,-88.876,-17.817
CHL,S 602,NC,-57.748,-86.64,-18.946
CHL,S 602,ND,-57.549,-85.579,-16.379
CHL,S 603,MG,-63.011,-96.064,-23.609
CHL,S 603,NA,-64.275,-95.343,-22.112
CHL,S 603,NB,-63.026,-94.26,-24.504
CHL,S 603,NC,-62.071,-96.894,-25.272
CHL,S 603,ND,-63.257,-97.963,-22.991
CHL,S 604,MG,-48.743,-101.859,-34.808
CHL,S 604,NA,-49.951,-102.949,-36.104
CHL,S 604,NB,-50.111,-102.006,-33.343
CHL,S 604,NC,-47.388,-100.97,-33.503
CHL,S 604,ND,-47.22,-101.906,-36.12
CHL,S 606,MG,-53.806,-107.755,-33.86
CHL,S 606,NA,-52.634,-108.718,-32.551
CHL,S 606,NB,-54.628,-106.581,-32.401
CHL,S 606,NC,-54.762,-106.665,-35.33
CHL,S 606,ND,-52.912,-108.718,-35.415
CHL,S 607,MG,-60.961,-101.934,-37.147
CHL,S 607,NA,-61.513,-100.302,-38.154
CHL,S 607,NB,-60.749,-100.902,-35.394
CHL,S 607,NC,-60.363,-103.672,-36.231
CHL,S 607,ND,-61.13,-103.108,-38.801
CHL,S 608,MG,-50.487,-107.851,-17.412
CHL,S 608,NA,-50.055,-107.103,-19.205
CHL,S 608,NB,-49.844,-109.702,-17.974
CHL,S 608,NC,-51.04,-108.504,-15.548
CHL,S 608,ND,-51.014,-106.039,-16.688
CHL,S 609,MG,-59.668,-104.937,-21.432
CHL,S 609,NA,-60.763,-104.743,-19.666
CHL,S 609,NB,-60.287,-106.852,-21.56
CHL,S 609,NC,-59.093,-104.939,-23.436
CHL,S 609,ND,-59.552,-102.925,-21.609
CHL,S 610,MG,-45.679,-97.864,-17.506
CHL,S 610,NA,-44.35,-97.626,-15.924
CHL,S 610,NB,-44.866,-96.242,-18.374
CHL,S 610,NC,-46.578,-98.403,-19.305
CHL,S 610,ND,-46.061,-99.751,-16.915
CHL,S 611,MG,-44.21,-80.498,-20.001
CHL,S 611,NA,-42.827,-80.824,-18.468
CHL,S 611,NB,-43.662,-78.569,-20.14
CHL,S 611,NC,-45.391,-80.32,-21.716
CHL,S 611,ND,-44.583,-82.47,-20.133
CHL,S 612,MG,-42.64,-88.918,-23.861
CHL,S 612,NA,-41.402,-89.999,-22.565
CHL,S 612,NB,-42.67,-90.456,-25.162
CHL,S 612,NC,-43.414,-87.672,-25.342
CHL,S 612,ND,-42.202,-87.223,-22.862
CHL,S 613,MG,-54.546,-81.927,-35.392
CHL,S 613,NA,-53.12,-81.234,-36.759
CHL,S 613,NB,-53.162,-81.916,-33.93
CHL,S 613,NC,-56.055,-82.121,-33.966
CHL,S 613,ND,-56.028,-81.447,-36.67
CHL,S 614,MG,-47.841,-75.709,-37.164
CHL,S 614,NA,-48.703,-73.862,-37.589
CHL,S 614,NB,-46.097,-75.068,-37.939
CHL,S 614,NC,-46.894,-77.354,-36.319
CHL,S 614,ND,-49.388,-76.166,-35.951
CHL,Y 601,MG,-13.669,-84.22,-19.285
CHL,Y 601,NA,-13.036,-85.787,-20.328
CHL,Y 601,NB,-15.631,-84.742,-19.562
CHL,Y 601,NC,-14.223,-82.468,-18.38
CHL,Y 601,ND,-11.778,-83.47,-19.195
CHL,Y 602,MG,-1.448,-86.192,-17.455
CHL,Y 602,NA,-1.013,-87.091,-15.622
CHL,Y 602,NB,0.217,-87,-18.233
CHL,Y 602,NC,-2.125,-85.601,-19.337
CHL,Y 602,ND,-3.305,-85.723,-16.85
CHL,Y 603,MG,7.512,-89.084,-24.4
CHL,Y 603,NA,6.942,-90.561,-23.049
CHL,Y 603,NB,5.717,-89.194,-25.318
CHL,Y 603,NC,8.221,-87.867,-25.926
CHL,Y 603,ND,9.42,-89.202,-23.783
CHL,Y 604,MG,11.801,-73.569,-34.272
CHL,Y 604,NA,13.213,-74.569,-35.442
CHL,Y 604,NB,12.056,-74.907,-32.804
CHL,Y 604,NC,10.746,-72.33,-32.966
CHL,Y 604,ND,11.868,-71.982,-35.495
CHL,Y 605,MG,26.567,-70.891,-38.981
CHL,Y 605,NA,26.821,-68.971,-39.468
CHL,Y 605,NB,27.6,-71.52,-40.629
CHL,Y 605,NC,26.328,-72.827,-38.327
CHL,Y 605,ND,25.748,-70.389,-37.191
CHL,Y 606,MG,18.383,-77.729,-32.799
CHL,Y 606,NA,19.328,-76.795,-31.302
CHL,Y 606,NB,17.272,-78.859,-31.537
CHL,Y 606,NC,17.43,-78.567,-34.421
CHL,Y 606,ND,19.35,-76.651,-34.199
CHL,Y 607,MG,13.663,-84.91,-36.879
CHL,Y 607,NA,12.181,-85.61,-38.012
CHL,Y 607,NB,12.529,-85.041,-35.201
CHL,Y 607,NC,15.276,-84.184,-35.818
CHL,Y 607,ND,14.899,-84.685,-38.461
CHL,Y 608,MG,17.746,-75.811,-17.78
CHL,Y 608,NA,16.832,-75.555,-19.537
CHL,Y 608,NB,19.427,-74.887,-18.477
CHL,Y 608,NC,18.534,-76.034,-15.896
CHL,Y 608,ND,16.043,-76.479,-16.905
CHL,Y 609,MG,15.894,-85.36,-21.977
CHL,Y 609,NA,15.887,-86.388,-20.262
CHL,Y 609,NB,17.903,-85.639,-22.207
CHL,Y 609,NC,15.77,-84.527,-23.858
CHL,Y 609,ND,13.869,-85.27,-21.997
CHL,Y 610,MG,6.857,-72.651,-16.908
CHL,Y 610,NA,6.397,-71.628,-15.15
CHL,Y 610,NB,5.206,-71.855,-17.742
CHL,Y 610,NC,7.573,-73.167,-18.794
CHL,Y 610,ND,8.735,-72.963,-16.254
CHL,Y 611,MG,-10.499,-73.431,-19.901
CHL,Y 611,NA,-10.448,-72.144,-18.264
CHL,Y 611,NB,-12.491,-73.192,-20.075
CHL,Y 611,NC,-10.433,-74.51,-21.676
CHL,Y 611,ND,-8.489,-73.499,-19.977
CHL,Y 612,MG,-2.467,-70.323,-23.555
CHL,Y 612,NA,-1.613,-69.094,-22.097
CHL,Y 612,NB,-0.873,-70.038,-24.757
CHL,Y 612,NC,-3.544,-71.155,-25.128
CHL,Y 612,ND,-4.24,-70.246,-22.606
CHL,Y 613,MG,-6.74,-82.772,-35.411
CHL,Y 613,NA,-7.757,-81.481,-36.706
CHL,Y 613,NB,-6.956,-81.424,-33.929
CHL,Y 613,NC,-6.163,-84.219,-34.027
CHL,Y 613,ND,-6.932,-84.295,-36.707
CHL,Y 614,MG,-14.339,-77.787,-36.891
CHL,Y 614,NA,-15.95,-79.075,-37.183
CHL,Y 614,NB,-15.329,-76.316,-37.835
CHL,Y 614,NC,-12.842,-76.464,-36.296
CHL,Y 614,ND,-13.468,-79.094,-35.64
CHL,5 601,MG,67.146,-113.631,-24.726
CHL,5 601,NA,68.53,-112.59,-25.724
CHL,5 601,NB,67.919,-115.387,-25.425
CHL,5 601,NC,65.587,-114.625,-23.845
CHL,5 601,ND,66.082,-111.948,-24.373
CHL,5 602,MG,66.372,-101.444,-21.016
CHL,5 602,NA,67.334,-101.094,-19.189
CHL,5 602,NB,66.856,-99.581,-21.592
CHL,5 602,NC,66.005,-101.988,-22.997
CHL,5 602,ND,66.498,-103.427,-20.712
CHL,5 603,MG,67.427,-91.416,-26.861
CHL,5 603,NA,69.094,-91.901,-25.7
CHL,5 603,NB,67.829,-92.957,-28.102
CHL,5 603,NC,66.119,-90.65,-28.279
CHL,5 603,ND,67.364,-89.596,-26.013
CHL,5 604,MG,50.79,-89.161,-36.322
CHL,5 604,NA,51.393,-87.361,-37.199
CHL,5 604,NB,52.082,-88.838,-34.821
CHL,5 604,NC,49.779,-90.556,-35.147
CHL,5 604,ND,49.088,-89.125,-37.393
CHL,5 605,MG,45.169,-74.659,-39.394
CHL,5 605,NA,43.197,-74.626,-39.728
CHL,5 605,NB,45.48,-73.36,-40.939
CHL,5 605,NC,47.148,-74.539,-38.823
CHL,5 605,ND,44.934,-75.659,-37.647
CHL,5 606,MG,53.86,-82.074,-34.132
CHL,5 606,NA,52.847,-81.522,-32.499
CHL,5 606,NB,55.244,-83.097,-33.05
CHL,5 606,NC,54.768,-82.649,-35.889
CHL,5 606,ND,52.548,-81.123,-35.344
CHL,5 607,MG,61.627,-84.876,-38.582
CHL,5 607,NA,62.571,-86.11,-39.828
CHL,5 607,NB,61.955,-86.113,-36.988
CHL,5 607,NC,60.647,-83.514,-37.403
CHL,5 607,ND,61.202,-83.56,-40.073
CHL,5 608,MG,52.276,-85.047,-19.07
CHL,5 608,NA,52.257,-85.85,-20.901
CHL,5 608,NB,51.07,-83.509,-19.645
CHL,5 608,NC,52.347,-84.349,-17.135
CHL,5 608,ND,53.328,-86.607,-18.315
CHL,5 609,MG,61.957,-84.128,-23.391
CHL,5 609,NA,63.075,-84.107,-21.739
CHL,5 609,NB,61.838,-82.1,-23.393
CHL,5 609,NC,61.13,-84.216,-25.273
CHL,5 609,ND,62.237,-86.118,-23.641
CHL,5 610,MG,51.679,-96.297,-19.519
CHL,5 610,NA,50.787,-97.214,-17.869
CHL,5 610,NB,51.197,-97.946,-20.57
CHL,5 610,NC,51.846,-95.211,-21.29
CHL,5 610,ND,51.435,-94.495,-18.643
CHL,5 611,MG,55.664,-112.917,-24.227
CHL,5 611,NA,54.261,-113.316,-22.731
CHL,5 611,NB,55.81,-114.888,-24.608
CHL,5 611,NC,56.592,-112.487,-26.053
CHL,5 611,ND,55.077,-110.993,-24.29
CHL,5 612,MG,50.898,-105.205,-27.026
CHL,5 612,NA,49.543,-104.812,-25.469
CHL,5 612,NB,50.378,-103.493,-27.953
CHL,5 612,NC,51.752,-105.876,-28.811
CHL,5 612,ND,50.913,-107.145,-26.489
CHL,5 613,MG,63.925,-105.051,-40.081
CHL,5 613,NA,62.916,-106.222,-41.49
CHL,5 613,NB,62.731,-105.81,-38.646
CHL,5 613,NC,65.304,-104.481,-38.611
CHL,5 613,ND,65.494,-104.893,-41.324
CHL,5 614,MG,59.922,-113.674,-42.034
CHL,5 614,NA,61.447,-115.04,-42.484
CHL,5 614,NB,58.565,-115.016,-42.681
CHL,5 614,NC,58.415,-112.645,-41.013
CHL,5 614,ND,61.168,-112.691,-40.787
CHL,6 601,MG,101.144,-93.676,-23.694
CHL,6 601,NA,99.653,-92.757,-24.657
CHL,6 601,NB,102.331,-92.024,-23.84
CHL,6 601,NC,102.678,-94.775,-22.901
CHL,6 601,ND,100.166,-95.45,-23.848
CHL,6 602,MG,90.805,-100.725,-22.262
CHL,6 602,NA,89.958,-100.459,-20.367
CHL,6 602,NB,88.964,-101.031,-23.007
CHL,6 602,NC,91.528,-100.349,-24.187
CHL,6 602,ND,92.467,-99.762,-21.662
CHL,6 603,MG,81.719,-103.27,-29.064
CHL,6 603,NA,81.218,-101.864,-27.593
CHL,6 603,NB,82.84,-101.878,-30
CHL,6 603,NC,81.772,-104.448,-30.779
CHL,6 603,ND,80.171,-104.416,-28.495
CHL,6 604,MG,88.411,-116.462,-41.434
CHL,6 604,NA,86.678,-116.508,-42.607
CHL,6 604,NB,87.343,-115.773,-39.873
CHL,6 604,NC,89.983,-116.956,-40.149
CHL,6 604,ND,89.336,-117.686,-42.743
CHL,6 605,MG,78.63,-127.574,-47.388
CHL,6 605,NA,79.617,-129.163,-48.08
CHL,6 605,NB,77.289,-127.671,-48.922
CHL,6 605,NC,77.59,-126.036,-46.503
CHL,6 605,ND,79.655,-127.643,-45.635
CHL,6 606,MG,80.333,-117.858,-39.755
CHL,6 606,NA,80.352,-119.393,-38.467
CHL,6 606,NB,80.496,-116.507,-38.242
CHL,6 606,NC,80.525,-116.375,-41.172
CHL,6 606,ND,80.353,-119.1,-41.353
CHL,6 607,MG,79.4,-108.604,-42.674
CHL,6 607,NA,79.972,-106.892,-43.528
CHL,6 607,NB,80.24,-108.087,-40.889
CHL,6 607,NC,78.633,-110.332,-41.856
CHL,6 607,ND,78.529,-109.257,-44.382
CHL,6 608,MG,83.365,-121.079,-24.674
CHL,6 608,NA,84.178,-120.475,-26.4
CHL,6 608,NB,82.528,-122.715,-25.554
CHL,6 608,NC,82.54,-121.566,-22.843
CHL,6 608,ND,84.13,-119.495,-23.665
CHL,6 609,MG,77.83,-112.16,-27.751
CHL,6 609,NA,77.234,-111.52,-25.957
CHL,6 609,NB,76.116,-113.221,-28.017
CHL,6 609,NC,78.345,-112.441,-29.726
CHL,6 609,ND,79.449,-110.95,-27.711
CHL,6 610,MG,93.51,-116.193,-23.852
CHL,6 610,NA,94.67,-116.947,-22.282
CHL,6 610,NB,95.22,-115.572,-24.722
CHL,6 610,NC,92.536,-116.098,-25.695
CHL,6 610,ND,92.016,-117.449,-23.332
CHL,6 611,MG,106.065,-103.494,-25.716
CHL,6 611,NA,107.127,-104.803,-24.484
CHL,6 611,NB,107.676,-102.281,-25.794
CHL,6 611,NC,105.226,-102.5,-27.354
CHL,6 611,ND,104.726,-104.935,-26.144
CHL,6 612,MG,102.169,-110.423,-29.936
CHL,6 612,NA,102.246,-112.25,-28.91
CHL,6 612,NB,101.025,-111.254,-31.381
CHL,6 612,NC,102.613,-108.833,-31.223
CHL,6 612,ND,103.782,-109.793,-28.898
CHL,6 613,MG,96.279,-97.042,-40.801
CHL,6 613,NA,97.831,-97.088,-42.205
CHL,6 613,NB,97.457,-98.079,-39.525
CHL,6 613,NC,95.073,-96.453,-39.2
CHL,6 613,ND,95.454,-95.489,-41.769
CHL,6 614,MG,105.989,-96.028,-42.645
CHL,6 614,NA,106.281,-93.95,-42.649
CHL,6 614,NB,107.859,-96.259,-43.374
CHL,6 614,NC,105.991,-98.025,-42.032
CHL,6 614,ND,104.485,-95.812,-41.316
CHL,7 601,MG,66.818,-74.585,-19.529
CHL,7 601,NA,66.672,-76.111,-20.809
CHL,7 601,NB,64.801,-74.285,-19.559
CHL,7 601,NC,67.097,-72.902,-18.39
CHL,7 601,ND,68.836,-74.585,-19.742
CHL,7 602,MG,78.244,-80.171,-19.013
CHL,7 602,NA,78.417,-81.452,-17.367
CHL,7 602,NB,79.525,-81.368,-20.007
CHL,7 602,NC,77.569,-79.369,-20.816
CHL,7 602,ND,76.495,-79.471,-18.295
CHL,7 603,MG,85.14,-85.115,-27.119
CHL,7 603,NA,84.081,-86.48,-25.939
CHL,7 603,NB,83.42,-84.551,-28.011
CHL,7 603,NC,86.198,-84.216,-28.674
CHL,7 603,ND,86.855,-86.08,-26.728
CHL,7 604,MG,93.3,-70.611,-36.27
CHL,7 604,NA,94.365,-71.77,-37.647
CHL,7 604,NB,93.42,-72.115,-34.936
CHL,7 604,NC,92.829,-69.289,-34.724
CHL,7 604,ND,93.748,-68.947,-37.318
CHL,7 605,MG,108.173,-71.747,-42.255
CHL,7 605,NA,109.107,-70.002,-42.526
CHL,7 605,NB,108.956,-72.49,-43.988
CHL,7 605,NC,107.339,-73.575,-41.81
CHL,7 605,ND,107.742,-71.276,-40.33
CHL,7 606,MG,98.906,-76.794,-35.707
CHL,7 606,NA,100.165,-76.359,-34.21
CHL,7 606,NB,97.547,-77.594,-34.424
CHL,7 606,NC,97.661,-77.106,-37.317
CHL,7 606,ND,100.081,-75.856,-37.059
CHL,7 607,MG,91.382,-81.614,-39.959
CHL,7 607,NA,89.691,-81.745,-40.988
CHL,7 607,NB,90.353,-81.625,-38.206
CHL,7 607,NC,93.165,-81.79,-38.976
CHL,7 607,ND,92.52,-81.678,-41.626
CHL,7 608,MG,99.47,-76.465,-20.043
CHL,7 608,NA,98.685,-75.616,-21.676
CHL,7 608,NB,101.36,-76.061,-20.677
CHL,7 608,NC,100.162,-77.212,-18.247
CHL,7 608,ND,97.641,-76.703,-19.206
CHL,7 609,MG,94.527,-84.521,-25.221
CHL,7 609,NA,94.214,-85.72,-23.662
CHL,7 609,NB,96.293,-85.438,-25.631
CHL,7 609,NC,94.632,-83.453,-26.98
CHL,7 609,ND,92.696,-83.687,-25.035
CHL,7 610,MG,90.221,-69.957,-18.351
CHL,7 610,NA,90.172,-68.89,-16.552
CHL,7 610,NB,88.806,-68.698,-19.037
CHL,7 610,NC,90.727,-70.478,-20.306
CHL,7 610,ND,92.064,-70.644,-17.894
CHL,7 611,MG,73.248,-65.506,-20.066
CHL,7 611,NA,73.717,-64.226,-18.484
CHL,7 611,NB,71.452,-64.621,-20.244
CHL,7 611,NC,73.012,-66.332,-21.977
CHL,7 611,ND,75.189,-65.944,-20.337
CHL,7 612,MG,81.723,-64.415,-23.746
CHL,7 612,NA,83.166,-63.533,-22.507
CHL,7 612,NB,83.071,-64.452,-25.245
CHL,7 612,NC,80.205,-64.603,-25.167
CHL,7 612,ND,80.272,-63.729,-22.533
CHL,7 613,MG,73.056,-73.621,-36.675
CHL,7 613,NA,72.33,-71.957,-37.708
CHL,7 613,NB,73.291,-72.437,-35.05
CHL,7 613,NC,73.096,-75.307,-35.436
CHL,7 613,ND,72.161,-74.858,-37.982
CHL,7 614,MG,67.293,-66.157,-36.86
CHL,7 614,NA,65.297,-66.775,-36.933
CHL,7 614,NB,66.702,-64.264,-37.219
CHL,7 614,NC,69.125,-65.459,-36.142
CHL,7 614,ND,67.766,-67.841,-35.85
CHL,8 601,MG,103.243,-22.701,-19.119
CHL,8 601,NA,101.985,-21.569,-20.17
CHL,8 601,NB,104.7,-21.294,-19.359
CHL,8 601,NC,104.605,-24.074,-18.438
CHL,8 601,ND,101.931,-24.24,-19.064
CHL,8 602,MG,90.507,-27.84,-18.286
CHL,8 602,NA,89.498,-27.237,-16.552
CHL,8 602,NB,88.746,-27.891,-19.262
CHL,8 602,NC,91.517,-27.755,-20.114
CHL,8 602,ND,92.22,-27.092,-17.527
CHL,8 603,MG,81.804,-29.545,-25.922
CHL,8 603,NA,81.344,-28.189,-24.401
CHL,8 603,NB,83.293,-28.345,-26.548
CHL,8 603,NC,81.924,-30.633,-27.695
CHL,8 603,ND,80.025,-30.451,-25.694
CHL,8 604,MG,86.55,-45.146,-35.991
CHL,8 604,NA,84.95,-44.921,-37.316
CHL,8 604,NB,85.503,-44.136,-34.599
CHL,8 604,NC,87.805,-45.912,-34.513
CHL,8 604,ND,87.262,-46.678,-37.095
CHL,8 606,MG,78.586,-45.25,-34.488
CHL,8 606,NA,78.038,-46.395,-32.951
CHL,8 606,NB,78.909,-43.639,-33.285
CHL,8 606,NC,79.067,-44.155,-36.155
CHL,8 606,ND,78.436,-46.816,-35.768
CHL,8 607,MG,79.432,-36.391,-39.136
CHL,8 607,NA,80.472,-35.096,-40.237
CHL,8 607,NB,80.333,-35.77,-37.42
CHL,8 607,NC,78.185,-37.628,-38.075
CHL,8 607,ND,78.476,-37.126,-40.762
CHL,8 608,MG,79.587,-45.679,-18.83
CHL,8 608,NA,80.551,-45.712,-20.575
CHL,8 608,NB,78.385,-47.232,-19.373
CHL,8 608,NC,78.639,-45.505,-17.016
CHL,8 608,ND,80.746,-44.168,-18.129
CHL,8 609,MG,76.07,-36.793,-23.511
CHL,8 609,NA,75.497,-35.806,-21.879
CHL,8 609,NB,74.156,-37.416,-23.808
CHL,8 609,NC,76.614,-37.421,-25.39
CHL,8 609,ND,77.892,-35.913,-23.501
CHL,8 610,MG,90.849,-43.442,-18.452
CHL,8 610,NA,91.646,-44.193,-16.67
CHL,8 610,NB,92.721,-43.377,-19.188
CHL,8 610,NC,90.067,-43.389,-20.389
CHL,8 610,ND,89.038,-44.172,-17.953
CHL,8 611,MG,105.786,-34.211,-19.387
CHL,8 611,NA,106.208,-35.551,-17.831
CHL,8 611,NB,107.639,-33.435,-19.186
CHL,8 611,NC,105.616,-33.327,-21.275
CHL,8 611,ND,104.257,-35.369,-19.998
CHL,8 612,MG,101.254,-41.675,-23.131
CHL,8 612,NA,100.968,-43.318,-21.861
CHL,8 612,NB,100.148,-42.578,-24.555
CHL,8 612,NC,102.027,-40.38,-24.579
CHL,8 612,ND,102.835,-41.101,-22.023
CLA,a 405,MG,31.066,22.162,-40.996
CLA,a 405,NA,30.362,22.823,-39.161
CLA,a 405,NB,31.632,20.431,-40.134
CLA,a 405,NC,31.26,21.368,-42.903
CLA,a 405,ND,30.063,23.616,-41.959
CLA,a 406,MG,21.086,21.658,-38.864
CLA,a 406,NA,19.838,20.299,-37.921
CLA,a 406,NB,20.137,23.141,-37.895
CLA,a 406,NC,22.615,22.948,-39.406
CLA,a 406,ND,22.362,20.194,-39.415
CLA,a 407,MG,40.149,15.064,-37.607
CLA,a 407,NA,41.239,16.478,-36.544
CLA,a 407,NB,41.064,13.615,-36.547
CLA,a 407,NC,38.689,13.733,-38.239
CLA,a 407,ND,38.848,16.474,-38.226
CLA,a 410,MG,6.252,40.772,-37.891
CLA,a 410,NA,7.752,41.832,-38.868
CLA,a 410,NB,7.009,41.334,-36.119
CLA,a 410,NC,4.527,40.058,-36.976
CLA,a 410,ND,5.245,40.556,-39.611
CLA,b 602,MG,48.235,-29.187,-40.42
CLA,b 602,NA,48.125,-31.262,-40.228
CLA,b 602,NB,47.072,-28.95,-38.794
CLA,b 602,NC,48.646,-27.147,-40.479
CLA,b 602,ND,49.668,-29.343,-41.828
CLA,b 603,MG,39.936,-23.999,-38.37
CLA,b 603,NA,39.653,-23.056,-40.203
CLA,b 603,NB,40.797,-25.559,-39.291
CLA,b 603,NC,40.548,-24.679,-36.507
CLA,b 603,ND,39.515,-22.267,-37.413
CLA,b 604,MG,31.237,-24.405,-37.863
CLA,b 604,NA,31.672,-23.186,-39.5
CLA,b 604,NB,32.785,-23.638,-36.866
CLA,b 604,NC,30.528,-25.286,-36.116
CLA,b 604,ND,29.431,-24.812,-38.61
CLA,b 605,MG,23.145,-14.183,-37.642
CLA,b 605,NA,22.584,-15.643,-39.028
CLA,b 605,NB,21.261,-13.526,-37.595
CLA,b 605,NC,23.683,-12.984,-36.004
CLA,b 605,ND,24.919,-15.056,-37.405
CLA,b 606,MG,18.14,-24.426,-37.605
CLA,b 606,NA,18.831,-24.786,-39.536
CLA,b 606,NB,18.492,-26.346,-37.135
CLA,b 606,NC,17.894,-23.929,-35.605
CLA,b 606,ND,18.219,-22.435,-37.875
CLA,b 607,MG,22.94,-32.728,-40.84
CLA,b 607,NA,21.37,-31.705,-41.745
CLA,b 607,NB,23.337,-31.112,-39.703
CLA,b 607,NC,24.065,-33.928,-39.568
CLA,b 607,ND,22.208,-34.476,-41.509
CLA,b 608,MG,14.994,-10.489,-44.219
CLA,b 608,NA,15.783,-9.97,-46.073
CLA,b 608,NB,16.827,-10.421,-43.41
CLA,b 608,NC,14.158,-10.529,-42.32
CLA,b 608,ND,13.127,-10.103,-44.848
CLA,b 609,MG,37.537,-7.845,-24.516
CLA,b 609,NA,37.614,-7.346,-22.497
CLA,b 609,NB,37.873,-5.933,-25.026
CLA,b 609,NC,37.873,-8.438,-26.482
CLA,b 609,ND,37.656,-9.793,-24.033
CLA,b 610,MG,40.094,-23.356,-22.152
CLA,b 610,NA,39.338,-21.842,-20.938
CLA,b 610,NB,38.765,-22.912,-23.582
CLA,b 610,NC,41.144,-24.578,-23.472
CLA,b 610,ND,41.72,-23.521,-20.985
CLA,b 611,MG,32.737,-18.879,-22.217
CLA,b 611,NA,32.06,-19.202,-24.147
CLA,b 611,NB,34.329,-17.872,-22.911
CLA,b 611,NC,33.446,-18.781,-20.27
CLA,b 611,ND,31.299,-20.057,-21.456
CLA,b 612,MG,23.004,-6.328,-22.628
CLA,b 612,NA,21.823,-6.862,-20.997
CLA,b 612,NB,22.766,-8.173,-23.385
CLA,b 612,NC,23.729,-5.674,-24.463
CLA,b 612,ND,22.806,-4.374,-22.182
CLA,b 613,MG,20.88,-14.735,-22.086
CLA,b 613,NA,21.07,-15.348,-24.062
CLA,b 613,NB,19.158,-13.795,-22.467
CLA,b 613,NC,20.988,-13.797,-20.226
CLA,b 613,ND,22.782,-15.263,-21.797
CLA,b 614,MG,18.19,-12.38,-30.478
CLA,b 614,NA,18.677,-11.27,-28.776
CLA,b 614,NB,20.124,-12.644,-30.926
CLA,b 614,NC,17.641,-13.148,-32.336
CLA,b 614,ND,16.276,-11.799,-30.327
CLA,b 615,MG,11,-8.992,-21.594
CLA,b 615,NA,10.616,-10.27,-19.999
CLA,b 615,NB,11.425,-10.563,-22.777
CLA,b 615,NC,10.897,-7.734,-23.25
CLA,b 615,ND,10.124,-7.487,-20.587
CLA,b 616,MG,23.105,-27.147,-20.579
CLA,b 616,NA,22.292,-26.907,-22.485
CLA,b 616,NB,23.336,-29.123,-20.905
CLA,b 616,NC,23.435,-27.439,-18.541
CLA,b 616,ND,22.455,-25.311,-20.048
CLA,b 617,MG,14.428,-28.931,-19.783
CLA,b 617,NA,12.625,-29.876,-20.208
CLA,b 617,NB,14.594,-28.335,-21.695
CLA,b 617,NC,16.377,-28.339,-19.371
CLA,b 617,ND,14.504,-29.818,-17.977
CLA,c 501,MG,32.105,60.145,-40.357
CLA,c 501,NA,31.881,58.964,-42.059
CLA,c 501,NB,30.455,59.277,-39.579
CLA,c 501,NC,32.645,60.953,-38.515
CLA,c 501,ND,33.999,60.6,-40.892
CLA,c 502,MG,38.652,49.886,-36.98
CLA,c 502,NA,39.691,50.744,-38.553
CLA,c 502,NB,40.334,49.022,-36.333
CLA,c 502,NC,37.635,49.26,-35.283
CLA,c 502,ND,37.025,50.987,-37.376
CLA,c 503,MG,44.344,60.039,-36.799
CLA,c 503,NA,44.189,60.303,-38.866
CLA,c 503,NB,44.27,62.024,-36.526
CLA,c 503,NC,44.042,59.711,-34.759
CLA,c 503,ND,43.952,58.084,-37.021
CLA,c 504,MG,47.277,44.695,-41.505
CLA,c 504,NA,46.87,43.896,-43.384
CLA,c 504,NB,45.314,44.658,-41.077
CLA,c 504,NC,47.704,44.824,-39.476
CLA,c 504,ND,49.189,44.099,-41.676
CLA,c 505,MG,22.056,45.784,-24.951
CLA,c 505,NA,21.53,44.88,-23.158
CLA,c 505,NB,21.832,44.063,-25.942
CLA,c 505,NC,22.348,46.813,-26.732
CLA,c 505,ND,21.975,47.588,-24.106
CLA,c 506,MG,22.456,62.277,-24.926
CLA,c 506,NA,22.086,61.037,-23.288
CLA,c 506,NB,24.1,61.224,-25.381
CLA,c 506,NC,22.638,63.392,-26.679
CLA,c 506,ND,20.687,63.194,-24.733
CLA,c 507,MG,28.511,56.258,-23.208
CLA,c 507,NA,29.329,56.21,-25.122
CLA,c 507,NB,26.849,55.347,-23.875
CLA,c 507,NC,27.557,56.736,-21.421
CLA,c 507,ND,29.888,57.59,-22.592
CLA,c 508,MG,36.152,43.204,-21.273
CLA,c 508,NA,37.096,43.737,-19.498
CLA,c 508,NB,36.772,44.933,-22.077
CLA,c 508,NC,35.658,42.468,-23.151
CLA,c 508,ND,35.969,41.29,-20.681
CLA,c 509,MG,38.522,51.672,-21.19
CLA,c 509,NA,38.746,52.002,-23.232
CLA,c 509,NB,40.215,50.587,-21.165
CLA,c 509,NC,38.024,50.996,-19.277
CLA,c 509,ND,36.64,52.357,-21.268
CLA,c 510,MG,43.113,47.796,-28.332
CLA,c 510,NA,42.114,46.895,-26.745
CLA,c 510,NB,41.374,48.352,-29.165
CLA,c 510,NC,44.124,48.364,-30.053
CLA,c 510,ND,44.83,46.922,-27.749
CLA,c 511,MG,47.095,46.117,-17.532
CLA,c 511,NA,47.591,47.813,-16.419
CLA,c 511,NB,47.32,47.144,-19.249
CLA,c 511,NC,47.005,44.322,-18.59
CLA,c 511,ND,47.276,44.965,-15.887
CLA,c 512,MG,39.224,63.466,-22.249
CLA,c 512,NA,40.076,63.41,-24.153
CLA,c 512,NB,39.167,65.469,-22.291
CLA,c 512,NC,38.785,63.494,-20.214
CLA,c 512,ND,39.677,61.531,-21.986
CLA,c 513,MG,47.977,64.144,-18.125
CLA,c 513,NA,47.002,65.061,-16.524
CLA,c 513,NB,46.208,63.79,-19.013
CLA,c 513,NC,48.961,63.782,-19.927
CLA,c 513,ND,49.713,65.001,-17.554
CLA,d 402,MG,30.337,14.417,-40.233
CLA,d 402,NA,30.752,13.45,-38.449
CLA,d 402,NB,29.493,15.961,-39.294
CLA,d 402,NC,30.128,15.388,-42.049
CLA,d 402,ND,31.376,13.018,-41.239
CLA,d 403,MG,54.279,-3.688,-33.883
CLA,d 403,NA,52.737,-4.662,-34.884
CLA,d 403,NB,53.391,-4.104,-32.127
CLA,d 403,NC,56.03,-3.147,-32.902
CLA,d 403,ND,55.404,-3.714,-35.554
CHL,g 601,MG,-24.871,92.045,-19.141
CHL,g 601,NA,-23.203,91.762,-20.186
CHL,g 601,NB,-25.439,90.089,-19.342
CHL,g 601,NC,-26.646,92.484,-18.217
CHL,g 601,ND,-24.549,94.052,-19.118
CHL,g 602,MG,-17.082,101.619,-17.537
CHL,g 602,NA,-16.095,101.587,-15.698
CHL,g 602,NB,-15.535,102.617,-18.346
CHL,g 602,NC,-17.926,101.295,-19.416
CHL,g 602,ND,-18.442,100.293,-16.885
CHL,g 603,MG,-9.944,107.731,-24.602
CHL,g 603,NA,-8.991,106.503,-23.22
CHL,g 603,NB,-10.704,106.111,-25.536
CHL,g 603,NC,-10.601,108.962,-26.129
CHL,g 603,ND,-8.926,109.33,-23.928
CHL,g 604,MG,-21.28,118.862,-35.102
CHL,g 604,NA,-19.687,119.503,-36.292
CHL,g 604,NB,-20.008,118.359,-33.638
CHL,g 604,NC,-22.888,118.619,-33.794
CHL,g 604,ND,-22.598,119.739,-36.341
CHL,g 605,MG,-16.01,132.824,-40.718
CHL,g 605,NA,-17.536,134.025,-41.201
CHL,g 605,NB,-14.985,133.349,-42.415
CHL,g 605,NC,-14.436,131.682,-40.045
CHL,g 605,ND,-16.829,132.454,-38.891
CHL,g 606,MG,-14.371,122.391,-33.677
CHL,g 606,NA,-14.586,123.678,-32.158
CHL,g 606,NB,-13.918,120.871,-32.405
CHL,g 606,NC,-14.114,121.164,-35.317
CHL,g 606,ND,-14.695,123.851,-35.05
CHL,g 607,MG,-10.583,114.591,-37.551
CHL,g 607,NA,-10.667,112.903,-38.614
CHL,g 607,NB,-10.985,113.584,-35.827
CHL,g 607,NC,-10.329,116.363,-36.53
CHL,g 607,ND,-10.135,115.699,-39.187
CHL,g 608,MG,-16.465,123.341,-18.52
CHL,g 608,NA,-17.151,122.603,-20.251
CHL,g 608,NB,-16.378,125.23,-19.286
CHL,g 608,NC,-15.866,123.998,-16.656
CHL,g 608,ND,-16.726,121.565,-17.575
CHL,g 609,MG,-9.01,116.988,-22.611
CHL,g 609,NA,-8.095,116.558,-20.885
CHL,g 609,NB,-7.773,118.579,-22.937
CHL,g 609,NC,-9.823,117.188,-24.496
CHL,g 609,ND,-10.095,115.278,-22.54
CHL,g 610,MG,-24.536,115.63,-17.291
CHL,g 610,NA,-25.643,115.764,-15.522
CHL,g 610,NB,-26.052,114.57,-18.098
CHL,g 610,NC,-23.773,116.003,-19.2
CHL,g 610,ND,-23.377,117.177,-16.691
CHL,g 611,MG,-32.795,100.185,-19.903
CHL,g 611,NA,-33.82,100.983,-18.267
CHL,g 611,NB,-34.062,98.637,-19.98
CHL,g 611,NC,-31.873,99.587,-21.68
CHL,g 611,ND,-31.663,101.844,-20.062
CHL,g 612,MG,-31.353,108.297,-23.777
CHL,g 612,NA,-32.002,109.785,-22.446
CHL,g 612,NB,-30.788,109.718,-25.096
CHL,g 612,NC,-31.313,106.878,-25.318
CHL,g 612,ND,-32.502,106.948,-22.812
CHL,g 613,MG,-22.69,98.156,-35.514
CHL,g 613,NA,-24.287,97.858,-36.835
CHL,g 613,NB,-23.993,98.738,-34.09
CHL,g 613,NC,-21.163,97.996,-34.104
CHL,g 613,ND,-21.439,97.165,-36.74
CHL,g 614,MG,-30.74,93.983,-36.884
CHL,g 614,NA,-30.408,91.915,-36.951
CHL,g 614,NB,-32.566,93.716,-37.696
CHL,g 614,NC,-31.236,95.939,-36.324
CHL,g 614,ND,-29.199,94.2,-35.596
CHL,n 601,MG,1.25,121.469,-20.025
CHL,n 601,NA,0.147,120.134,-21.012
CHL,n 601,NB,-0.138,122.942,-20.318
CHL,n 601,NC,2.538,122.798,-19.132
CHL,n 601,ND,2.812,120.175,-19.941
CHL,n 602,MG,5.694,110.002,-17.901
CHL,n 602,NA,5.183,109.24,-16.024
CHL,n 602,NB,5.78,108.132,-18.624
CHL,n 602,NC,5.819,110.809,-19.818
CHL,n 602,ND,5.223,111.869,-17.338
CHL,n 603,MG,7.452,100.563,-24.65
CHL,n 603,NA,5.892,100.39,-23.284
CHL,n 603,NB,6.427,101.987,-25.647
CHL,n 603,NC,8.868,100.483,-26.164
CHL,n 603,ND,8.337,98.924,-23.902
CHL,n 604,MG,22.887,104.446,-35.129
CHL,n 604,NA,22.654,102.689,-36.235
CHL,n 604,NB,21.79,103.666,-33.647
CHL,n 604,NC,23.502,105.996,-33.879
CHL,n 604,ND,24.356,105.057,-36.352
CHL,n 605,MG,32.383,92.85,-39.826
CHL,n 605,NA,34.174,93.576,-40.326
CHL,n 605,NB,32.313,91.641,-41.474
CHL,n 605,NC,30.579,92.116,-39.152
CHL,n 605,ND,32.455,93.837,-38.057
CHL,n 606,MG,22.465,96.785,-33.575
CHL,n 606,NA,23.808,96.446,-32.123
CHL,n 606,NB,20.981,97.168,-32.234
CHL,n 606,NC,21.182,97.145,-35.158
CHL,n 606,ND,23.83,96.413,-35.023
CHL,n 607,MG,13.918,97.243,-37.282
CHL,n 607,NA,12.507,98.143,-38.373
CHL,n 607,NB,13.265,98.127,-35.563
CHL,n 607,NC,15.339,96.166,-36.251
CHL,n 607,ND,14.617,96.21,-38.876
CHL,n 608,MG,24.28,98.651,-18.455
CHL,n 608,NA,23.992,99.531,-20.228
CHL,n 608,NB,25.877,97.606,-19.176
CHL,n 608,NC,24.541,97.896,-16.552
CHL,n 608,ND,22.871,99.802,-17.569
CHL,n 609,MG,15.027,95.348,-22.518
CHL,n 609,NA,14.179,94.854,-20.779
CHL,n 609,NB,15.769,93.46,-22.758
CHL,n 609,NC,15.625,95.865,-24.419
CHL,n 609,ND,14.064,97.133,-22.541
CHL,n 610,MG,21.619,109.532,-17.757
CHL,n 610,NA,22.208,110.504,-16.008
CHL,n 610,NB,21.406,111.331,-18.628
CHL,n 610,NC,21.487,108.598,-19.616
CHL,n 610,ND,22.274,107.759,-17.061
CHL,n 611,MG,12.265,124.309,-20.902
CHL,n 611,NA,13.454,124.967,-19.317
CHL,n 611,NB,11.463,126.14,-21.121
CHL,n 611,NC,11.291,123.642,-22.629
CHL,n 611,ND,13.199,122.523,-20.949
CHL,n 612,MG,18.685,118.8,-24.43
CHL,n 612,NA,20.302,118.641,-23.101
CHL,n 612,NB,19.579,117.503,-25.692
CHL,n 612,NC,17.414,119.409,-25.978
CHL,n 612,ND,18.127,120.52,-23.537
CHL,n 613,MG,5.506,115.925,-36.171
CHL,n 613,NA,6.104,117.397,-37.53
CHL,n 613,NB,6.595,116.839,-34.742
CHL,n 613,NC,4.568,114.731,-34.748
CHL,n 613,ND,4.083,115.262,-37.427
CHL,n 614,MG,6.255,124.946,-37.907
CHL,n 614,NA,4.366,125.773,-38.25
CHL,n 614,NB,7.116,126.557,-38.762
CHL,n 614,NC,8.106,124.311,-37.176
CHL,n 614,ND,5.466,123.575,-36.656
CHL,r 601,MG,62.415,-46.464,-17.074
CHL,r 601,NA,63.389,-44.844,-17.963
CHL,r 601,NB,64.146,-47.345,-16.557
CHL,r 601,NC,61.326,-48.051,-16.264
CHL,r 601,ND,60.634,-45.667,-17.582
CHL,r 602,MG,49.474,-45.469,-15.659
CHL,r 602,NA,48.972,-44.598,-13.834
CHL,r 602,NB,47.849,-44.655,-16.514
CHL,r 602,NC,50.271,-45.897,-17.539
CHL,r 602,ND,51.358,-45.789,-15.01
CHL,r 603,MG,40.675,-42.175,-22.685
CHL,r 603,NA,41.268,-40.94,-21.101
CHL,r 603,NB,42.519,-42.062,-23.475
CHL,r 603,NC,39.986,-43.169,-24.373
CHL,r 603,ND,38.76,-42.056,-22.1
CHL,r 604,MG,37.551,-57.594,-33.905
CHL,r 604,NA,36.158,-56.668,-35.15
CHL,r 604,NB,36.992,-56.379,-32.402
CHL,r 604,NC,38.51,-58.856,-32.557
CHL,r 604,ND,37.725,-59.118,-35.207
CHL,r 606,MG,30.764,-53.649,-32.951
CHL,r 606,NA,29.806,-54.729,-31.561
CHL,r 606,NB,31.733,-52.535,-31.532
CHL,r 606,NC,31.8,-52.703,-34.46
CHL,r 606,ND,30.06,-54.837,-34.442
CHL,r 607,MG,35.681,-46.268,-36.388
CHL,r 607,NA,37.305,-45.479,-37.231
CHL,r 607,NB,36.523,-46.174,-34.53
CHL,r 607,NC,33.897,-46.949,-35.624
CHL,r 607,ND,34.689,-46.309,-38.157
CHL,r 608,MG,30.672,-55.837,-17.195
CHL,r 608,NA,31.645,-56.309,-18.892
CHL,r 608,NB,28.943,-56.655,-17.89
CHL,r 608,NC,29.806,-55.393,-15.362
CHL,r 608,ND,32.35,-55.164,-16.296
CHL,r 609,MG,32.602,-46.516,-21.444
CHL,r 609,NA,32.384,-45.451,-19.669
CHL,r 609,NB,30.699,-46.05,-21.945
CHL,r 609,NC,33.007,-47.043,-23.42
CHL,r 609,ND,34.616,-46.464,-21.251
CHL,r 610,MG,41.6,-59.255,-16.133
CHL,r 610,NA,41.996,-60.364,-14.419
CHL,r 610,NB,43.304,-60.013,-16.921
CHL,r 610,NC,40.918,-58.727,-18.023
CHL,r 610,ND,39.672,-59.096,-15.573
CHL,r 611,MG,58.442,-58.106,-17.187
CHL,r 611,NA,58.253,-59.493,-15.636
CHL,r 611,NB,60.44,-58.144,-16.967
CHL,r 611,NC,58.587,-57.046,-18.984
CHL,r 611,ND,56.518,-58.334,-17.704
CHL,r 612,MG,51.525,-62.193,-21.567
CHL,r 612,NA,50.453,-63.478,-20.329
CHL,r 612,NB,50.075,-62.224,-22.966
CHL,r 612,NC,52.766,-61.09,-22.824
CHL,r 612,ND,53.14,-62.306,-20.363
CHL,r 613,MG,56.03,-48.624,-33.052
CHL,r 613,NA,57.29,-49.838,-34.202
CHL,r 613,NB,56.269,-49.886,-31.498
CHL,r 613,NC,55.309,-47.155,-31.751
CHL,r 613,ND,56.31,-47.095,-34.343
CHL,r 614,MG,63.873,-53.431,-33.732
CHL,r 614,NA,65.419,-52.17,-33.809
CHL,r 614,NB,65.041,-54.912,-34.501
CHL,r 614,NC,62.397,-54.766,-33.224
CHL,r 614,ND,62.756,-52.126,-32.648
CHL,r 616,MG,29.981,-38.643,-16.196
CHL,r 616,NA,31.489,-37.236,-15.791
CHL,r 616,NB,29.111,-37.366,-17.486
CHL,r 616,NC,28.862,-40.222,-16.994
CHL,r 616,ND,31.137,-40.116,-15.44
CHL,s 601,MG,54.551,75.047,-18.836
CHL,s 601,NA,56.287,75.343,-19.78
CHL,s 601,NB,54.591,73.069,-19.341
CHL,s 601,NC,52.617,74.881,-18.161
CHL,s 601,ND,54.208,77.044,-18.731
CHL,s 602,MG,58.189,87.383,-17.061
CHL,s 602,NA,59.003,87.775,-15.176
CHL,s 602,NB,59.254,88.892,-17.843
CHL,s 602,NC,57.745,86.655,-18.971
CHL,s 602,ND,57.547,85.595,-16.404
CHL,s 603,MG,63.004,96.079,-23.638
CHL,s 603,NA,64.269,95.359,-22.142
CHL,s 603,NB,63.019,94.275,-24.533
CHL,s 603,NC,62.063,96.908,-25.301
CHL,s 603,ND,63.25,97.978,-23.021
CHL,s 604,MG,48.73,101.868,-34.833
CHL,s 604,NA,49.937,102.958,-36.13
CHL,s 604,NB,50.098,102.016,-33.368
CHL,s 604,NC,47.376,100.979,-33.527
CHL,s 604,ND,47.206,101.915,-36.144
CHL,s 606,MG,53.792,107.766,-33.888
CHL,s 606,NA,52.62,108.729,-32.579
CHL,s 606,NB,54.615,106.592,-32.429
CHL,s 606,NC,54.748,106.675,-35.359
CHL,s 606,ND,52.897,108.728,-35.443
CHL,s 607,MG,60.947,101.945,-37.177
CHL,s 607,NA,61.499,100.313,-38.184
CHL,s 607,NB,60.736,100.914,-35.424
CHL,s 607,NC,60.349,103.684,-36.261
CHL,s 607,ND,61.115,103.119,-38.831
CHL,s 608,MG,50.48,107.865,-17.439
CHL,s 608,NA,50.047,107.116,-19.232
CHL,s 608,NB,49.836,109.715,-18.001
CHL,s 608,NC,51.033,108.518,-15.575
CHL,s 608,ND,51.008,106.053,-16.715
CHL,s 609,MG,59.66,104.952,-21.462
CHL,s 609,NA,60.756,104.759,-19.697
CHL,s 609,NB,60.278,106.867,-21.591
CHL,s 609,NC,59.084,104.953,-23.466
CHL,s 609,ND,59.544,102.94,-21.639
CHL,s 610,MG,45.674,97.877,-17.529
CHL,s 610,NA,44.346,97.639,-15.946
CHL,s 610,NB,44.861,96.254,-18.396
CHL,s 610,NC,46.572,98.415,-19.328
CHL,s 610,ND,46.056,99.764,-16.938
CHL,s 611,MG,44.208,80.51,-20.019
CHL,s 611,NA,42.825,80.836,-18.485
CHL,s 611,NB,43.66,78.581,-20.157
CHL,s 611,NC,45.388,80.332,-21.734
CHL,s 611,ND,44.58,82.482,-20.152
CHL,s 612,MG,42.634,88.928,-23.88
CHL,s 612,NA,41.397,90.01,-22.584
CHL,s 612,NB,42.663,90.466,-25.182
CHL,s 612,NC,43.408,87.682,-25.361
CHL,s 612,ND,42.197,87.234,-22.881
CHL,s 613,MG,54.537,81.937,-35.415
CHL,s 613,NA,53.111,81.244,-36.781
CHL,s 613,NB,53.154,81.926,-33.952
CHL,s 613,NC,56.047,82.132,-33.989
CHL,s 613,ND,56.019,81.457,-36.693
CHL,s 614,MG,47.833,75.717,-37.182
CHL,s 614,NA,48.695,73.871,-37.607
CHL,s 614,NB,46.089,75.076,-37.956
CHL,s 614,NC,46.886,77.362,-36.337
CHL,s 614,ND,49.38,76.175,-35.97
CHL,y 601,MG,13.666,84.225,-19.291
CHL,y 601,NA,13.033,85.792,-20.334
CHL,y 601,NB,15.628,84.747,-19.569
CHL,y 601,NC,14.221,82.473,-18.386
CHL,y 601,ND,11.776,83.475,-19.2
CHL,y 602,MG,1.446,86.195,-17.456
CHL,y 602,NA,1.011,87.094,-15.623
CHL,y 602,NB,-0.22,87.002,-18.234
CHL,y 602,NC,2.122,85.604,-19.339
CHL,y 602,ND,3.303,85.726,-16.852
CHL,y 603,MG,-7.518,89.083,-24.398
CHL,y 603,NA,-6.948,90.561,-23.048
CHL,y 603,NB,-5.723,89.193,-25.317
CHL,y 603,NC,-8.227,87.866,-25.924
CHL,y 603,ND,-9.426,89.201,-23.781
CHL,y 604,MG,-11.808,73.565,-34.265
CHL,y 604,NA,-13.22,74.564,-35.435
CHL,y 604,NB,-12.062,74.903,-32.797
CHL,y 604,NC,-10.752,72.326,-32.959
CHL,y 604,ND,-11.875,71.978,-35.487
CHL,y 605,MG,-26.575,70.882,-38.967
CHL,y 605,NA,-26.829,68.962,-39.454
CHL,y 605,NB,-27.609,71.511,-40.615
CHL,y 605,NC,-26.336,72.819,-38.314
CHL,y 605,ND,-25.755,70.381,-37.177
CHL,y 606,MG,-18.39,77.724,-32.79
CHL,y 606,NA,-19.334,76.79,-31.292
CHL,y 606,NB,-17.279,78.854,-31.529
CHL,y 606,NC,-17.438,78.562,-34.413
CHL,y 606,ND,-19.357,76.645,-34.189
CHL,y 607,MG,-13.673,84.905,-36.874
CHL,y 607,NA,-12.192,85.605,-38.008
CHL,y 607,NB,-12.539,85.036,-35.196
CHL,y 607,NC,-15.286,84.179,-35.812
CHL,y 607,ND,-14.91,84.679,-38.455
CHL,y 608,MG,-17.746,75.809,-17.771
CHL,y 608,NA,-16.833,75.553,-19.528
CHL,y 608,NB,-19.427,74.885,-18.467
CHL,y 608,NC,-18.533,76.033,-15.887
CHL,y 608,ND,-16.043,76.478,-16.897
CHL,y 609,MG,-15.898,85.358,-21.971
CHL,y 609,NA,-15.891,86.386,-20.256
CHL,y 609,NB,-17.907,85.636,-22.2
CHL,y 609,NC,-15.775,84.524,-23.852
CHL,y 609,ND,-13.873,85.268,-21.992
CHL,y 610,MG,-6.856,72.652,-16.903
CHL,y 610,NA,-6.395,71.63,-15.145
CHL,y 610,NB,-5.205,71.856,-17.737
CHL,y 610,NC,-7.573,73.167,-18.789
CHL,y 610,ND,-8.734,72.964,-16.248
CHL,y 611,MG,10.498,73.435,-19.903
CHL,y 611,NA,10.448,72.149,-18.266
CHL,y 611,NB,12.49,73.197,-20.078
CHL,y 611,NC,10.431,74.514,-21.678
CHL,y 611,ND,8.488,73.503,-19.978
CHL,y 612,MG,2.466,70.325,-23.553
CHL,y 612,NA,1.613,69.096,-22.094
CHL,y 612,NB,0.871,70.039,-24.754
CHL,y 612,NC,3.542,71.156,-25.127
CHL,y 612,ND,4.239,70.248,-22.605
CHL,y 613,MG,6.731,82.772,-35.414
CHL,y 613,NA,7.748,81.481,-36.709
CHL,y 613,NB,6.948,81.424,-33.932
CHL,y 613,NC,6.154,84.219,-34.03
CHL,y 613,ND,6.922,84.294,-36.71
CHL,y 614,MG,14.33,77.788,-36.896
CHL,y 614,NA,15.941,79.076,-37.189
CHL,y 614,NB,15.32,76.317,-37.84
CHL,y 614,NC,12.834,76.465,-36.3
CHL,y 614,ND,13.46,79.095,-35.645